题号,类别,判定,差异,,
V-001-V2C1,C1,一致,,,
V-001-V2C2,C2,一致,,,
V-001-V2C3,C3,一致,,,
V-001-V2C4,C4,一致,,,
V-001-V2C5,C5,一致,,,
V-002-V2C1,C1,一致,,,
V-002-V2C2,C2,一致,,,
V-002-V2C3,C3,一致,,,
V-002-V2C4,C4,一致,,,
V-002-V2C5,C5,一致,,,
V-003-V2C1,C1,一致,,,
V-003-V2C2,C2,一致,,,
V-003-V2C3,C3,一致,,,
V-003-V2C4,C4,一致,,,
V-003-V2C5,C5,一致,,,
V-004-V2C1,C1,一致,,,
V-004-V2C2,C2,一致,,,
V-004-V2C3,C3,一致,,,
V-004-V2C4,C4,一致,,,
V-004-V2C5,C5,一致,,,
V-005-V2C1,C1,一致,,,
V-005-V2C2,C2,一致,,,
V-005-V2C3,C3,一致,,,
V-005-V2C4,C4,一致,,,
V-005-V2C5,C5,一致,,,
V-006-V2C1,C1,一致,,,
V-006-V2C2,C2,一致,,,
V-006-V2C3,C3,一致,,,
V-006-V2C4,C4,一致,,,
V-006-V2C5,C5,一致,,,
V-007-V2C1,C1,一致,,,
V-007-V2C2,C2,一致,,,
V-007-V2C3,C3,一致,,,
V-007-V2C4,C4,一致,,,
V-007-V2C5,C5,一致,,,
V-008-V2C1,C1,一致,,,
V-008-V2C2,C2,一致,,,
V-008-V2C3,C3,一致,,,
V-008-V2C4,C4,一致,,,
V-008-V2C5,C5,一致,,,
V-009-V2C1,C1,一致,,,
V-009-V2C2,C2,一致,,,
V-009-V2C3,C3,一致,,,
V-009-V2C4,C4,一致,,,
V-009-V2C5,C5,一致,,,
V-010-V2C1,C1,一致,,,
V-010-V2C2,C2,一致,,,
V-010-V2C3,C3,一致,,,
V-010-V2C4,C4,一致,,,
V-010-V2C5,C5,一致,,,
V-011-V2C1,C1,一致,,,
V-011-V2C2,C2,一致,,,
V-011-V2C3,C3,一致,,,
V-011-V2C4,C4,一致,,,
V-011-V2C5,C5,一致,,,
V-012-V2C1,C1,一致,,,
V-012-V2C2,C2,一致,,,
V-012-V2C3,C3,一致,,,
V-012-V2C4,C4,一致,,,
V-012-V2C5,C5,一致,,,
V-013-V2C1,C1,一致,,,
V-013-V2C2,C2,一致,,,
V-013-V2C3,C3,一致,,,
V-013-V2C4,C4,一致,,,
V-013-V2C5,C5,一致,,,
V-014-V2C1,C1,一致,,,
V-014-V2C2,C2,一致,,,
V-014-V2C3,C3,一致,,,
V-014-V2C4,C4,一致,,,
V-014-V2C5,C5,一致,,,
V-015-V2C1,C1,一致,,,
V-015-V2C2,C2,一致,,,
V-015-V2C3,C3,一致,,,
V-015-V2C4,C4,一致,,,
V-015-V2C5,C5,一致,,,
V-016-V2C1,C1,一致,,,
V-016-V2C2,C2,一致,,,
V-016-V2C3,C3,一致,,,
V-016-V2C4,C4,一致,,,
V-016-V2C5,C5,一致,,,
V-017-V2C1,C1,一致,,,
V-017-V2C2,C2,一致,,,
V-017-V2C3,C3,一致,,,
V-017-V2C4,C4,一致,,,
V-017-V2C5,C5,一致,,,
V-018-V2C1,C1,一致,,,
V-018-V2C2,C2,一致,,,
V-018-V2C3,C3,一致,,,
V-018-V2C4,C4,一致,,,
V-018-V2C5,C5,一致,,,
V-019-V2C1,C1,一致,,,
V-019-V2C2,C2,一致,,,
V-019-V2C3,C3,一致,,,
V-019-V2C4,C4,一致,,,
V-019-V2C5,C5,一致,,,
V-020-V2C1,C1,一致,,,
V-020-V2C2,C2,一致,,,
V-020-V2C3,C3,一致,,,
V-020-V2C4,C4,一致,,,
V-020-V2C5,C5,一致,,,
V-021-V2C1,C1,一致,,,
V-021-V2C2,C2,一致,,,
V-021-V2C3,C3,一致,,,
V-021-V2C4,C4,一致,,,
V-021-V2C5,C5,一致,,,
V-022-V2C1,C1,一致,,,
V-022-V2C2,C2,一致,,,
V-022-V2C3,C3,一致,,,
V-022-V2C4,C4,一致,,,
V-022-V2C5,C5,一致,,,
V-023-V2C1,C1,一致,,,
V-023-V2C2,C2,一致,,,
V-023-V2C3,C3,一致,,,
V-023-V2C4,C4,一致,,,
V-023-V2C5,C5,一致,,,
V-024-V2C1,C1,一致,,,
V-024-V2C2,C2,一致,,,
V-024-V2C3,C3,一致,,,
V-024-V2C4,C4,一致,,,
V-024-V2C5,C5,一致,,,
V-025-V2C1,C1,一致,,,
V-025-V2C2,C2,一致,,,
V-025-V2C3,C3,一致,,,
V-025-V2C4,C4,一致,,,
V-025-V2C5,C5,一致,,,
V-026-V2C1,C1,一致,,,
V-026-V2C2,C2,一致,,,
V-026-V2C3,C3,一致,,,
V-026-V2C4,C4,一致,,,
V-026-V2C5,C5,一致,,,
V-027-V2C1,C1,一致,,,
V-027-V2C2,C2,一致,,,
V-027-V2C3,C3,一致,,,
V-027-V2C4,C4,一致,,,
V-027-V2C5,C5,一致,,,
V-028-V2C1,C1,一致,,,
V-028-V2C2,C2,一致,,,
V-028-V2C3,C3,一致,,,
V-028-V2C4,C4,一致,,,
V-028-V2C5,C5,一致,,,
V-029-V2C1,C1,一致,,,
V-029-V2C2,C2,一致,,,
V-029-V2C3,C3,一致,,,
V-029-V2C4,C4,一致,,,
V-029-V2C5,C5,一致,,,
V-030-V2C1,C1,一致,,,
V-030-V2C2,C2,一致,,,
V-030-V2C3,C3,一致,,,
V-030-V2C4,C4,一致,,,
V-030-V2C5,C5,一致,,,
V-031-V2C1,C1,一致,,,
V-031-V2C2,C2,一致,,,
V-031-V2C3,C3,一致,,,
V-031-V2C4,C4,一致,,,
V-031-V2C5,C5,一致,,,
V-032-V2C1,C1,一致,,,
V-032-V2C2,C2,一致,,,
V-032-V2C3,C3,一致,,,
V-032-V2C4,C4,一致,,,
V-032-V2C5,C5,一致,,,
V-033-V2C1,C1,一致,,,
V-033-V2C2,C2,一致,,,
V-033-V2C3,C3,一致,,,
V-033-V2C4,C4,一致,,,
V-033-V2C5,C5,一致,,,
V-034-V2C1,C1,一致,,,
V-034-V2C2,C2,一致,,,
V-034-V2C3,C3,一致,,,
V-034-V2C4,C4,一致,,,
V-034-V2C5,C5,一致,,,
V-035-V2C1,C1,一致,,,
V-035-V2C2,C2,一致,,,
V-035-V2C3,C3,一致,,,
V-035-V2C4,C4,一致,,,
V-035-V2C5,C5,一致,,,
V-036-V2C1,C1,一致,,,
V-036-V2C2,C2,一致,,,
V-036-V2C3,C3,一致,,,
V-036-V2C4,C4,一致,,,
V-036-V2C5,C5,一致,,,
V-037-V2C1,C1,一致,,,
V-037-V2C2,C2,一致,,,
V-037-V2C3,C3,一致,,,
V-037-V2C4,C4,一致,,,
V-037-V2C5,C5,一致,,,
V-038-V2C1,C1,一致,,,
V-038-V2C2,C2,一致,,,
V-038-V2C3,C3,一致,,,
V-038-V2C4,C4,一致,,,
V-038-V2C5,C5,一致,,,
V-039-V2C1,C1,一致,,,
V-039-V2C2,C2,一致,,,
V-039-V2C3,C3,一致,,,
V-039-V2C4,C4,一致,,,
V-039-V2C5,C5,一致,,,
V-040-V2C1,C1,一致,,,
V-040-V2C2,C2,一致,,,
V-040-V2C3,C3,一致,,,
V-040-V2C4,C4,一致,,,
V-040-V2C5,C5,一致,,,
V-041-V2C1,C1,一致,,,
V-041-V2C2,C2,一致,,,
V-041-V2C3,C3,一致,,,
V-041-V2C4,C4,一致,,,
V-041-V2C5,C5,一致,,,
V-042-V2C1,C1,一致,,,
V-042-V2C2,C2,一致,,,
V-042-V2C3,C3,一致,,,
V-042-V2C4,C4,一致,,,
V-042-V2C5,C5,一致,,,
V-043-V2C1,C1,一致,,,
V-043-V2C2,C2,一致,,,
V-043-V2C3,C3,一致,,,
V-043-V2C4,C4,一致,,,
V-043-V2C5,C5,一致,,,
V-044-V2C1,C1,一致,,,
V-044-V2C2,C2,一致,,,
V-044-V2C3,C3,一致,,,
V-044-V2C4,C4,一致,,,
V-044-V2C5,C5,一致,,,
V-045-V2C1,C1,一致,,,
V-045-V2C2,C2,一致,,,
V-045-V2C3,C3,一致,,,
V-045-V2C4,C4,一致,,,
V-045-V2C5,C5,一致,,,
V-046-V2C1,C1,一致,,,
V-046-V2C2,C2,一致,,,
V-046-V2C3,C3,一致,,,
V-046-V2C4,C4,一致,,,
V-046-V2C5,C5,一致,,,
V-047-V2C1,C1,一致,,,
V-047-V2C2,C2,一致,,,
V-047-V2C3,C3,一致,,,
V-047-V2C4,C4,一致,,,
V-047-V2C5,C5,一致,,,
V-048-V2C1,C1,一致,,,
V-048-V2C2,C2,一致,,,
V-048-V2C3,C3,一致,,,
V-048-V2C4,C4,一致,,,
V-048-V2C5,C5,一致,,,
V-049-V2C1,C1,一致,,,
V-049-V2C2,C2,一致,,,
V-049-V2C3,C3,一致,,,
V-049-V2C4,C4,一致,,,
V-049-V2C5,C5,一致,,,
V-050-V2C1,C1,一致,,,
V-050-V2C2,C2,一致,,,
V-050-V2C3,C3,一致,,,
V-050-V2C4,C4,一致,,,
V-050-V2C5,C5,一致,,,
V-051-V2C1,C1,一致,,,
V-051-V2C2,C2,一致,,,
V-051-V2C3,C3,一致,,,
V-051-V2C4,C4,一致,,,
V-051-V2C5,C5,一致,,,
V-052-V2C1,C1,一致,,,
V-052-V2C2,C2,一致,,,
V-052-V2C3,C3,一致,,,
V-052-V2C4,C4,一致,,,
V-052-V2C5,C5,一致,,,
V-053-V2C1,C1,一致,,,
V-053-V2C2,C2,一致,,,
V-053-V2C3,C3,一致,,,
V-053-V2C4,C4,一致,,,
V-053-V2C5,C5,一致,,,
V-054-V2C1,C1,一致,,,
V-054-V2C2,C2,一致,,,
V-054-V2C3,C3,一致,,,
V-054-V2C4,C4,一致,,,
V-054-V2C5,C5,一致,,,
V-055-V2C1,C1,一致,,,
V-055-V2C2,C2,一致,,,
V-055-V2C3,C3,一致,,,
V-055-V2C4,C4,一致,,,
V-055-V2C5,C5,一致,,,
V-056-V2C1,C1,一致,,,
V-056-V2C2,C2,一致,,,
V-056-V2C3,C3,一致,,,
V-056-V2C4,C4,一致,,,
V-056-V2C5,C5,一致,,,
V-057-V2C1,C1,一致,,,
V-057-V2C2,C2,一致,,,
V-057-V2C3,C3,一致,,,
V-057-V2C4,C4,一致,,,
V-057-V2C5,C5,一致,,,
V-058-V2C1,C1,一致,,,
V-058-V2C2,C2,一致,,,
V-058-V2C3,C3,一致,,,
V-058-V2C4,C4,一致,,,
V-058-V2C5,C5,一致,,,
V-059-V2C1,C1,一致,,,
V-059-V2C2,C2,一致,,,
V-059-V2C3,C3,一致,,,
V-059-V2C4,C4,一致,,,
V-059-V2C5,C5,一致,,,
V-060-V2C1,C1,一致,,,
V-060-V2C2,C2,一致,,,
V-060-V2C3,C3,一致,,,
V-060-V2C4,C4,一致,,,
V-060-V2C5,C5,一致,,,
