pid,作者,词牌,句序,字数,逐字平仄,原句
ps:adcfe4db695ff14d93af0cda4193bce5,吴尚憙,唐多令,1,5,平仄仄平平,独倚小明窗。
ps:adcfe4db695ff14d93af0cda4193bce5,吴尚憙,唐多令,2,5,平平仄仄平,垂帘纳晚凉。
ps:adcfe4db695ff14d93af0cda4193bce5,吴尚憙,唐多令,3,7,仄平平平仄平平,爱桐阴、一片斜阳。
ps:adcfe4db695ff14d93af0cda4193bce5,吴尚憙,唐多令,4,13,仄仄平平平仄仄平仄仄仄平平,碧沼风荷消倦意，抛翠黛、懒成妆。
ps:adcfe4db695ff14d93af0cda4193bce5,吴尚憙,唐多令,5,5,仄仄平平平,弹指惜流光。
ps:adcfe4db695ff14d93af0cda4193bce5,吴尚憙,唐多令,6,5,平平仄仄平,匆匆岁月忙。
ps:adcfe4db695ff14d93af0cda4193bce5,吴尚憙,唐多令,7,7,仄平平平仄平平,便村居、幽僻山庄。
ps:adcfe4db695ff14d93af0cda4193bce5,吴尚憙,唐多令,8,13,平平仄平平仄仄平仄仄平平平,闲拨玉炉焚宝篆，风过处、兴偏长。
ps:adcfe4db921e07e9b74674a1dc4a6f43,傅熊湘,摊破浣溪纱,1,7,仄仄平平平仄平,落叶西风夕照残。
ps:adcfe4db921e07e9b74674a1dc4a6f43,傅熊湘,摊破浣溪纱,2,7,平平仄仄仄平平,金商飒飒起林间。
ps:adcfe4db921e07e9b74674a1dc4a6f43,傅熊湘,摊破浣溪纱,3,10,平仄平平仄平平仄平仄,多恐明朝便摧折，不堪看。
ps:adcfe4db921e07e9b74674a1dc4a6f43,傅熊湘,摊破浣溪纱,4,14,平仄平平平仄仄平平平仄平平平,萧瑟平芜千里共，凄凉秋影一天寒。
ps:adcfe4db921e07e9b74674a1dc4a6f43,傅熊湘,摊破浣溪纱,5,10,平仄仄平平仄仄仄平仄,谁看此情无奈处，泪阑干。
ps:adcfe4dbe3ccc172b420c605862c6df3,顾贞观,御街行,1,7,平平平仄平平仄,承恩结束辞南内。
ps:adcfe4dbe3ccc172b420c605862c6df3,顾贞观,御街行,2,6,平仄平平平仄,油壁拥，芳尘碎。
ps:adcfe4dbe3ccc172b420c605862c6df3,顾贞观,御街行,3,13,仄平平平仄平平平仄平平平仄,绿熊茵贴紫貂裘，香满一身珠翠。
ps:adcfe4dbe3ccc172b420c605862c6df3,顾贞观,御街行,4,13,仄平平仄仄平平仄仄平平平仄,玉骢骄软，彩鸾偷傍，不觉珊瑚坠。
ps:adcfe4dbe3ccc172b420c605862c6df3,顾贞观,御街行,5,7,平平平仄平平仄,花丛着眼惊姚魏。
ps:adcfe4dbe3ccc172b420c605862c6df3,顾贞观,御街行,6,6,平仄仄平平仄,谁管领，霓裳队。
ps:adcfe4dbe3ccc172b420c605862c6df3,顾贞观,御街行,7,13,仄平平仄仄平平平仄平平平仄,只应清夜奉宸游，七宝装成行缀。
ps:adcfe4dbe3ccc172b420c605862c6df3,顾贞观,御街行,8,13,仄平平平平平平仄平仄平平仄,锦帆天子，疏狂魂魄，空索琼花醉。
ps:adcfe4db4daafd0ae467eca79de28af4,朱祖谋,鹧鸪天,1,7,仄平平平仄平平,纸蝶风旋土一堆。
ps:adcfe4db4daafd0ae467eca79de28af4,朱祖谋,鹧鸪天,2,7,平平仄仄平平平,无多老泪着寒灰。
ps:adcfe4db4daafd0ae467eca79de28af4,朱祖谋,鹧鸪天,3,14,平平仄仄平平仄仄仄平平仄仄平,残鹃锦树啼还咽，小雁炉峰梦不回。
ps:adcfe4db4daafd0ae467eca79de28af4,朱祖谋,鹧鸪天,4,6,平仄仄仄平平,身后事，眼前来。
ps:adcfe4db4daafd0ae467eca79de28af4,朱祖谋,鹧鸪天,5,7,平平平仄仄平平,青山须办骨同埋。
ps:adcfe4db4daafd0ae467eca79de28af4,朱祖谋,鹧鸪天,6,14,仄平仄仄仄平仄平仄平平仄仄平,便能世世为兄弟，知否人间更可哀。
ps:adcfe4dbcb736d5b8ccb29807513bc3c,黄燮清,清平乐,1,4,仄平平仄,浪传佳丽。
ps:adcfe4dbcb736d5b8ccb29807513bc3c,黄燮清,清平乐,2,5,平仄平平仄,荒尽繁华味。
ps:adcfe4dbcb736d5b8ccb29807513bc3c,黄燮清,清平乐,3,7,仄仄平平平平仄,正日篷窗无一事。
ps:adcfe4dbcb736d5b8ccb29807513bc3c,黄燮清,清平乐,4,6,仄平仄平平仄,饱听雁声而已。
ps:adcfe4dbcb736d5b8ccb29807513bc3c,黄燮清,清平乐,5,6,平平仄仄平平,梅花冷月初三。
ps:adcfe4dbcb736d5b8ccb29807513bc3c,黄燮清,清平乐,6,6,平平平仄平平,孤尊谁共清谈。
ps:adcfe4dbcb736d5b8ccb29807513bc3c,黄燮清,清平乐,7,12,仄仄平平仄仄平平仄仄平平,只有西湖入梦，从今不忆江南。
ps:adcfe4db874b82946ffdaf8a454eb2a0,陈衍,望江南,1,8,仄平仄仄仄仄平平,蓦然见，底事费寻思。
ps:adcfe4db874b82946ffdaf8a454eb2a0,陈衍,望江南,2,14,仄仄仄平平仄仄仄平平仄仄平平,浅碧袜帮黏草色，退红裙衩罥花枝。
ps:adcfe4db874b82946ffdaf8a454eb2a0,陈衍,望江南,3,5,仄平仄平平,护惜不曾知。
ps:adcfe4db1f63dde9c640abd595333ba5,李良年,尉迟杯,1,3,平平仄,同云暮。
ps:adcfe4db1f63dde9c640abd595333ba5,李良年,尉迟杯,2,8,仄仄平平仄平平仄,正朗吟双鬓明朝句。
ps:adcfe4db1f63dde9c640abd595333ba5,李良年,尉迟杯,3,12,平平平平平平仄仄仄平平仄,嘶来一骑红鸯，恰系玉梅开处。
ps:adcfe4db1f63dde9c640abd595333ba5,李良年,尉迟杯,4,4,平平平仄,撒盐飞絮。
ps:adcfe4db1f63dde9c640abd595333ba5,李良年,尉迟杯,5,8,仄平平平仄平平仄,解留人、白遍淮西渡。
ps:adcfe4db1f63dde9c640abd595333ba5,李良年,尉迟杯,6,13,仄平平仄仄平平仄仄仄平平仄,更添他、侍史衣香，绝胜锦毹歌舞。
ps:adcfe4db1f63dde9c640abd595333ba5,李良年,尉迟杯,7,6,平平平仄平仄,灯前休怅羁旅。
ps:adcfe4db1f63dde9c640abd595333ba5,李良年,尉迟杯,8,9,仄仄仄仄平平仄平仄,把越怨、闽愁阑入吴语。
ps:adcfe4db1f63dde9c640abd595333ba5,李良年,尉迟杯,9,14,平仄平平平平仄仄仄仄仄平平仄,牙藕传杯，瓶花亚袖，半卷麦光堪妒。
ps:adcfe4db1f63dde9c640abd595333ba5,李良年,尉迟杯,10,7,平平仄仄平平仄,旗亭上、小鬟三五。
ps:adcfe4db1f63dde9c640abd595333ba5,李良年,尉迟杯,11,8,仄平仄平平平平仄,待争唱、孙郎新词谱。
ps:adcfe4db1f63dde9c640abd595333ba5,李良年,尉迟杯,12,13,仄平平仄仄平平平仄仄平平仄,奈春风、去雁萧萧，人被雁声催去。
ps:adcfe4db82561f90eab3592289ca3f6d,董元恺,南歌子,1,10,平仄平平仄平平平仄平,郎似江边水，侬如江上花。
ps:adcfe4db82561f90eab3592289ca3f6d,董元恺,南歌子,2,5,平仄仄平平,花落水无涯。
ps:adcfe4db82561f90eab3592289ca3f6d,董元恺,南歌子,3,8,平平平仄仄平平平,东风吹欲起，逐风斜。
ps:adcfe4db4470175bf316f6f3a02d2cfd,宗婉,如梦令,1,6,仄仄平平平仄,素练裁成团扇。
ps:adcfe4db4470175bf316f6f3a02d2cfd,宗婉,如梦令,2,6,平仄平平平仄,新样十分圆满。
ps:adcfe4db4470175bf316f6f3a02d2cfd,宗婉,如梦令,3,11,仄仄仄平平平仄平平平仄,试向掌中擎，明月全身都现。
ps:adcfe4db4470175bf316f6f3a02d2cfd,宗婉,如梦令,4,2,平仄,如面。
ps:adcfe4db4470175bf316f6f3a02d2cfd,宗婉,如梦令,5,2,平仄,如面。
ps:adcfe4db4470175bf316f6f3a02d2cfd,宗婉,如梦令,6,6,仄平仄平平仄,只当素娥相见。
ps:adcfe4dbb3d27adfb239acb351dad426,薛时雨,洞仙歌,1,9,平平平仄仄平平仄仄,春来何处，在晴初雨后。
ps:adcfe4dbb3d27adfb239acb351dad426,薛时雨,洞仙歌,2,7,平仄平仄仄平仄,芳讯先教逗梅柳。
ps:adcfe4dbb3d27adfb239acb351dad426,薛时雨,洞仙歌,3,18,仄平平仄仄仄仄平平平仄平仄仄仄平平仄,喜冰霜历尽，大地繁华，原不合、老向客窗厮守。
ps:adcfe4dbb3d27adfb239acb351dad426,薛时雨,洞仙歌,4,16,平平平仄仄平仄平平仄仄平平平平仄,轻衫犹未试，才著阳和，尚有馀寒袭襟袖。
ps:adcfe4dbb3d27adfb239acb351dad426,薛时雨,洞仙歌,5,16,仄仄仄平平仄仄平平仄平仄平平平仄,此是好韶光，比似佳人，恰十五、盈盈时候。
ps:adcfe4dbb3d27adfb239acb351dad426,薛时雨,洞仙歌,6,17,仄仄平平平仄平平仄平仄平平仄平平仄,再过一番风便花朝，问开遍群芳，殿春谁又。
ps:adcfe4db609f4ee96e7df1999e1a938d,赵庆熹,金缕曲,1,5,平仄平平仄,春色今年又。
ps:adcfe4db609f4ee96e7df1999e1a938d,赵庆熹,金缕曲,2,11,仄平平平平平仄仄平平仄,怪无端、东风多事，绿波吹皱。
ps:adcfe4db609f4ee96e7df1999e1a938d,赵庆熹,金缕曲,3,13,仄仄平平平仄仄仄仄平平平仄,眼底桃花都不见，但见枝枝杨柳。
ps:adcfe4db609f4ee96e7df1999e1a938d,赵庆熹,金缕曲,4,7,平仄仄仄平平仄,忽忆到、别离时候。
ps:adcfe4db609f4ee96e7df1999e1a938d,赵庆熹,金缕曲,5,15,仄平仄平平仄仄仄平平仄仄平平仄,蜡屐雨声催不止，两三杯、上马河桥酒。
ps:adcfe4db609f4ee96e7df1999e1a938d,赵庆熹,金缕曲,6,6,平仄仄仄平仄,君欲去，掉头走。
ps:adcfe4db609f4ee96e7df1999e1a938d,赵庆熹,金缕曲,7,7,平平仄仄平平仄,黄沙射猎然乎否。
ps:adcfe4db609f4ee96e7df1999e1a938d,赵庆熹,金缕曲,8,11,仄平平仄平平仄平平平仄,误人生、少年侠气，儒冠依旧。
ps:adcfe4db609f4ee96e7df1999e1a938d,赵庆熹,金缕曲,9,13,平仄平平平仄仄平仄平平平仄,门外雷声车似水，多少公卿拍手。
ps:adcfe4db609f4ee96e7df1999e1a938d,赵庆熹,金缕曲,10,7,平仄仄平平仄仄,中有个、书生两袖。
ps:adcfe4db609f4ee96e7df1999e1a938d,赵庆熹,金缕曲,11,15,仄仄平平平仄仄仄平平平仄平平仄,我亦青衫真困绝，病毛锥、聊代谈天口。
ps:adcfe4db609f4ee96e7df1999e1a938d,赵庆熹,金缕曲,12,6,平平仄仄平仄,君击筑，我敲缶。
ps:adcfe4db8a6ab57e7a9ed3af00b29b13,易顺鼎,忆旧游,1,13,仄平平仄仄平仄平平仄仄平平,但三分困柳，一味催花，尽日冥迷。
ps:adcfe4db8a6ab57e7a9ed3af00b29b13,易顺鼎,忆旧游,2,14,平仄平仄仄仄平平仄平仄仄平平,吹罢阑干絮，任和烟染出，未是晴丝。
ps:adcfe4db8a6ab57e7a9ed3af00b29b13,易顺鼎,忆旧游,3,11,平平仄平平仄平平仄平平,西泠绿杨天窄，呼泊画船时。
ps:adcfe4db8a6ab57e7a9ed3af00b29b13,易顺鼎,忆旧游,4,13,仄平仄平平平平仄仄平仄平平,想桃片流来，猩红透涨，鸭碧平堤。
ps:adcfe4db8a6ab57e7a9ed3af00b29b13,易顺鼎,忆旧游,5,2,平平,霏微。
ps:adcfe4db8a6ab57e7a9ed3af00b29b13,易顺鼎,忆旧游,6,12,仄平仄仄仄仄平平平平平平,带愁远，记问酒前村，湿了青旗。
ps:adcfe4db8a6ab57e7a9ed3af00b29b13,易顺鼎,忆旧游,7,14,仄仄平平仄仄平平仄仄平仄平平,却掩楼窗卧，自梨云去后，诗梦难飞。
ps:adcfe4db8a6ab57e7a9ed3af00b29b13,易顺鼎,忆旧游,8,11,平平仄平平仄平仄仄平平,无人紫苔庭院，屐响不知谁。
ps:adcfe4db8a6ab57e7a9ed3af00b29b13,易顺鼎,忆旧游,9,12,仄平仄平平仄平仄仄平仄平,写分外沉沉，重帘不卷双燕归。
ps:adcfe4db0475b1ce8f4eef5aed59f94a,叶绍本,满江红,1,11,仄仄平平仄平仄仄平平仄,峻坂双丸，隙驹过处全无影。
ps:adcfe4db0475b1ce8f4eef5aed59f94a,叶绍本,满江红,2,11,仄平仄仄平仄仄平平平仄,乍帘外，雪云黯澹，霜风凄紧。
ps:adcfe4db0475b1ce8f4eef5aed59f94a,叶绍本,满江红,3,14,仄仄平平平仄仄平平平仄平平仄,草草年光行欲暮，迢迢尘梦呼难醒。
ps:adcfe4db0475b1ce8f4eef5aed59f94a,叶绍本,满江红,4,11,仄平平仄仄仄平平平平仄,算圆浑，著甚恁般忙，无凭准。
ps:adcfe4db0475b1ce8f4eef5aed59f94a,叶绍本,满江红,5,6,平仄仄平平仄,今古事，闲中省。
ps:adcfe4db0475b1ce8f4eef5aed59f94a,叶绍本,满江红,6,6,平仄仄平平仄,真幻想，空中领。
ps:adcfe4db0475b1ce8f4eef5aed59f94a,叶绍本,满江红,7,9,仄平平仄仄仄平平仄,只浮沤，起灭去来无定。
ps:adcfe4db0475b1ce8f4eef5aed59f94a,叶绍本,满江红,8,14,仄仄平平平仄平平平平平平平仄,小住十洲清净宅，安眠一觉华胥枕。
ps:adcfe4db0475b1ce8f4eef5aed59f94a,叶绍本,满江红,9,11,仄平平平仄平平平平平仄,问前身，何处托行踪，蓬莱顶。
ps:adcfe4db918e569b928c919e0664f43d,潘飞声,大江西上曲,1,13,平平仄仄平平平平平平平平仄,江亭酒醒，听西风一笛，离愁吹起。
ps:adcfe4db918e569b928c919e0664f43d,潘飞声,大江西上曲,2,13,仄仄平平平平仄仄平平平仄仄,已拚乡心抛撇去，禁得桥阑重倚。
ps:adcfe4db918e569b928c919e0664f43d,潘飞声,大江西上曲,3,13,仄仄平平平平仄平仄仄平平仄,戴笠前盟，诛茅后约，洒尽平生泪。
ps:adcfe4db918e569b928c919e0664f43d,潘飞声,大江西上曲,4,10,平平平仄仄平平仄平仄,丝丝疏柳，向人还更憔悴。
ps:adcfe4db918e569b928c919e0664f43d,潘飞声,大江西上曲,5,15,仄平仄仄平平平平仄仄平仄仄平仄,早分万里关山，吴箫燕筑，萍梗看身世。
ps:adcfe4db918e569b928c919e0664f43d,潘飞声,大江西上曲,6,13,平仄平平平仄仄平仄仄平平仄,何况西溟风雪路，多恐敝裘难理。
ps:adcfe4db918e569b928c919e0664f43d,潘飞声,大江西上曲,7,13,平仄平平仄平平仄平仄平平仄,潮打裘来，海浮天去，归梦知何际。
ps:adcfe4db918e569b928c919e0664f43d,潘飞声,大江西上曲,8,10,平平平仄仄平平仄平仄,苍茫云水，挂帆吾又行矣。
ps:adcfe4db60df08614c71d622b54411b8,汪东,转应曲,1,2,平仄,惆怅。
ps:adcfe4db60df08614c71d622b54411b8,汪东,转应曲,2,2,平仄,惆怅。
ps:adcfe4db60df08614c71d622b54411b8,汪东,转应曲,3,6,仄仄平平平仄,岁岁年年相望。
ps:adcfe4db60df08614c71d622b54411b8,汪东,转应曲,4,6,仄平平仄平平,暮春初换单衣。
ps:adcfe4db60df08614c71d622b54411b8,汪东,转应曲,5,6,仄仄平平仄平,又见应帘燕飞。
ps:adcfe4db60df08614c71d622b54411b8,汪东,转应曲,6,2,平仄,飞燕。
ps:adcfe4db60df08614c71d622b54411b8,汪东,转应曲,7,2,平仄,飞燕。
ps:adcfe4db60df08614c71d622b54411b8,汪东,转应曲,8,6,平仄平平平仄,人锁昭阳深院。
ps:adcfe4db57e6626451279125246731bb,蒋春霖,西子妆为金鹭卿纪海陵系缆本事,1,14,平平平平平平仄仄仄仄仄平平仄,山晕眉青，波揩镜晓，燕燕静依柔橹。
ps:adcfe4db57e6626451279125246731bb,蒋春霖,西子妆为金鹭卿纪海陵系缆本事,2,14,仄平平仄仄平平仄平平仄平平仄,戏圈杨柳作连环，印香心、画桥双树。
ps:adcfe4db57e6626451279125246731bb,蒋春霖,西子妆为金鹭卿纪海陵系缆本事,3,4,平平平仄,纹窗泥语。
ps:adcfe4db57e6626451279125246731bb,蒋春霖,西子妆为金鹭卿纪海陵系缆本事,4,7,平仄仄平平平仄,浑不怕、鸳鸯听取。
ps:adcfe4db57e6626451279125246731bb,蒋春霖,西子妆为金鹭卿纪海陵系缆本事,5,12,仄平平仄平平平仄平平平仄,趁春潮，唤桃根桃叶，江头归去。
ps:adcfe4db57e6626451279125246731bb,蒋春霖,西子妆为金鹭卿纪海陵系缆本事,6,3,平平仄,深盟误。
ps:adcfe4db57e6626451279125246731bb,蒋春霖,西子妆为金鹭卿纪海陵系缆本事,7,9,平仄平平仄仄平平仄,一梦成烟，卷入东风絮。
ps:adcfe4db57e6626451279125246731bb,蒋春霖,西子妆为金鹭卿纪海陵系缆本事,8,14,仄平平仄仄平平仄平仄仄平平仄,绕船三月落花多，是千点、泪痕红聚。
ps:adcfe4db57e6626451279125246731bb,蒋春霖,西子妆为金鹭卿纪海陵系缆本事,9,4,平平仄仄,凄凉画谱。
ps:adcfe4db57e6626451279125246731bb,蒋春霖,西子妆为金鹭卿纪海陵系缆本事,10,7,仄平仄平平仄仄,待呼起、春魂重诉。
ps:adcfe4db57e6626451279125246731bb,蒋春霖,西子妆为金鹭卿纪海陵系缆本事,11,9,仄平平仄仄平平仄仄,乱筝弦、几阵疏篷暗雨。
ps:adcfe4db91675fbeaa2d4acf187d6292,彭孙遹,荷叶杯,1,6,平仄仄平平仄,花落木樨庭院。
ps:adcfe4db91675fbeaa2d4acf187d6292,彭孙遹,荷叶杯,2,2,仄仄,重见。
ps:adcfe4db91675fbeaa2d4acf187d6292,彭孙遹,荷叶杯,3,5,仄仄仄仄平,骨细不胜衣。
ps:adcfe4db91675fbeaa2d4acf187d6292,彭孙遹,荷叶杯,4,7,平平平仄仄平平,支离憔悴总因伊。
ps:adcfe4db91675fbeaa2d4acf187d6292,彭孙遹,荷叶杯,5,3,平平平,知么知。
ps:adcfe4db91675fbeaa2d4acf187d6292,彭孙遹,荷叶杯,6,3,平平平,知么知。
ps:adcfe4dbadb79be0d41569e582cbe0c8,杨士琦,倦寻芳,1,12,平平仄仄平平平平平仄平仄,莺莺燕燕，惜惜怜怜，得少佳趣。
ps:adcfe4dbadb79be0d41569e582cbe0c8,杨士琦,倦寻芳,2,9,仄仄平平仄平平仄仄,百计留春，只留春不住。
ps:adcfe4dbadb79be0d41569e582cbe0c8,杨士琦,倦寻芳,3,14,平仄平平平仄仄平平平仄平平仄,一刻千金钟未晓，桃花潭水深如许。
ps:adcfe4dbadb79be0d41569e582cbe0c8,杨士琦,倦寻芳,4,12,仄平平仄平平仄仄平平平仄,最难堪，把番风廿四，从头来数。
ps:adcfe4dbadb79be0d41569e582cbe0c8,杨士琦,倦寻芳,5,7,仄仄仄平平仄仄,试看那河梁日暮。
ps:adcfe4dbadb79be0d41569e582cbe0c8,杨士琦,倦寻芳,6,8,平仄平平平仄平仄,南浦波长，心事谁语。
ps:adcfe4dbadb79be0d41569e582cbe0c8,杨士琦,倦寻芳,7,10,仄仄平平仄平仄平平仄,送也无聊，送了更无情绪。
ps:adcfe4dbadb79be0d41569e582cbe0c8,杨士琦,倦寻芳,8,14,平平平平平仄仄平平仄仄平平仄,江山红篱婪尾草，天涯绿野成阴术。
ps:adcfe4dbadb79be0d41569e582cbe0c8,杨士琦,倦寻芳,9,10,仄平平仄平平平平平仄,问东君，到明年、相逢何处。
ps:adcfe4dbb0640545c3ec4ab501d8cca2,梁清标,花发沁园春赠徐方虎编修归德清,1,14,平仄平平平平平仄仄平平仄平仄,冰砌闲门，梅呈新萼，又逢一度驹隙。
ps:adcfe4dbb0640545c3ec4ab501d8cca2,梁清标,花发沁园春赠徐方虎编修归德清,2,14,仄平平仄平仄平平仄仄仄平平平,故园人到，京洛樽开，举酒共浇寒夕。
ps:adcfe4dbb0640545c3ec4ab501d8cca2,梁清标,花发沁园春赠徐方虎编修归德清,3,11,平平仄平平仄仄平平平仄,愁将鬓织，惊过眼、都成陈迹。
ps:adcfe4dbb0640545c3ec4ab501d8cca2,梁清标,花发沁园春赠徐方虎编修归德清,4,13,仄平仄仄仄平平平平平仄平仄,笑尘梦未醒邯郸，衰迟犹是羁客。
ps:adcfe4dbb0640545c3ec4ab501d8cca2,梁清标,花发沁园春赠徐方虎编修归德清,5,6,平仄平平平仄,十载韶华轻掷。
ps:adcfe4dbb0640545c3ec4ab501d8cca2,梁清标,花发沁园春赠徐方虎编修归德清,6,9,仄平平平平仄仄平平,看平生须眉，顿减畴昔。
ps:adcfe4dbb0640545c3ec4ab501d8cca2,梁清标,花发沁园春赠徐方虎编修归德清,7,14,平平仄仄仄仄平平平平平仄平仄,人移物换，燕去梁空，翻觉欢场萧瑟。
ps:adcfe4dbb0640545c3ec4ab501d8cca2,梁清标,花发沁园春赠徐方虎编修归德清,8,11,平平平仄仄仄仄仄平平仄,春风将扇，奈往事、转萦胸臆。
ps:adcfe4dbb0640545c3ec4ab501d8cca2,梁清标,花发沁园春赠徐方虎编修归德清,9,13,平仄仄仄仄平平仄平平仄平平,提旧恨暗迸珍珠，蜡盘红泪同滴。
ps:adcfe4db7d6b47c56efd4c3547e93a54,张友书,西江月,1,12,平仄平平仄仄平平平仄平平,王谢堂前旧侣，年年偏向天涯。
ps:adcfe4db7d6b47c56efd4c3547e93a54,张友书,西江月,2,7,仄平平平仄平平,重来消息待梨花。
ps:adcfe4db7d6b47c56efd4c3547e93a54,张友书,西江月,3,6,平仄平平平仄,屈指明朝春社。
ps:adcfe4db7d6b47c56efd4c3547e93a54,张友书,西江月,4,12,平仄仄平平仄仄平平仄仄平,闲却旧营巢处，傍谁门户为家。
ps:adcfe4db7d6b47c56efd4c3547e93a54,张友书,西江月,5,7,仄平仄仄仄平平,剧怜望眼已将赊。
ps:adcfe4db7d6b47c56efd4c3547e93a54,张友书,西江月,6,6,仄仄平平仄仄,为尔湘帘不下。
